{"cameraMode":{"drawMode":0,"name":"Shaded","section":"Shading Mode"},"sceneLighting":true,"audioPlay":false,"sceneViewState":{"m_AlwaysRefresh":false,"showFog":true,"showSkybox":true,"showFlares":true,"showImageEffects":true,"showParticleSystems":true,"showVisualEffectGraphs":true,"m_FxEnabled":true},"in2DMode":false,"pivot":{"x":1446.70166015625,"y":410.5123596191406,"z":2024.25927734375},"rotation":{"x":-0.10839715600013733,"y":-0.0003010783111676574,"z":0.000030141440220177174,"w":-0.9941102266311646},"size":1796.1466064453125,"orthographic":false}